{
  "open_board": {
    "precision": 0.8333333333333334,
    "recall": 0.9090909090909091,
    "f1-score": 0.8695652173913043,
    "support": 11,
    "confused_with": {
      "open_trello": 1
    }
  },
  "affirm": {
    "precision": 0.4,
    "recall": 0.3333333333333333,
    "f1-score": 0.3636363636363636,
    "support": 6,
    "confused_with": {
      "mood_great": 3,
      "goodbye": 1
    }
  },
  "open_trello": {
    "precision": 0.9655172413793104,
    "recall": 0.9824561403508771,
    "f1-score": 0.9739130434782608,
    "support": 57,
    "confused_with": {
      "open_board": 1
    }
  },
  "greet": {
    "precision": 0.7142857142857143,
    "recall": 0.7692307692307693,
    "f1-score": 0.7407407407407408,
    "support": 13,
    "confused_with": {
      "mood_great": 2,
      "deny": 1
    }
  },
  "mood_great": {
    "precision": 0.6153846153846154,
    "recall": 0.5714285714285714,
    "f1-score": 0.5925925925925927,
    "support": 14,
    "confused_with": {
      "mood_unhappy": 2,
      "greet": 2
    }
  },
  "mood_unhappy": {
    "precision": 0.7857142857142857,
    "recall": 0.7857142857142857,
    "f1-score": 0.7857142857142857,
    "support": 14,
    "confused_with": {
      "goodbye": 1,
      "deny": 1
    }
  },
  "deny": {
    "precision": 0.6666666666666666,
    "recall": 0.5714285714285714,
    "f1-score": 0.6153846153846153,
    "support": 7,
    "confused_with": {
      "mood_unhappy": 1,
      "greet": 1
    }
  },
  "goodbye": {
    "precision": 0.7,
    "recall": 0.7,
    "f1-score": 0.7,
    "support": 10,
    "confused_with": {
      "open_board": 1,
      "greet": 1
    }
  },
  "accuracy": 0.8181818181818182,
  "macro avg": {
    "precision": 0.7101127320954908,
    "recall": 0.7028353225721646,
    "f1-score": 0.7051933573672704,
    "support": 132
  },
  "weighted avg": {
    "precision": 0.8118857196443403,
    "recall": 0.8181818181818182,
    "f1-score": 0.8143461915530428,
    "support": 132
  },
  "micro avg": {
    "precision": 0.8181818181818182,
    "recall": 0.8181818181818182,
    "f1-score": 0.8181818181818182,
    "support": 132
  }
}