{
  "bot_challenge": {
    "precision": 1.0,
    "recall": 1.0,
    "f1-score": 1.0,
    "support": 5,
    "confused_with": {}
  },
  "open_board": {
    "precision": 1.0,
    "recall": 1.0,
    "f1-score": 1.0,
    "support": 11,
    "confused_with": {}
  },
  "greet": {
    "precision": 0.7333333333333333,
    "recall": 0.8461538461538461,
    "f1-score": 0.7857142857142856,
    "support": 13,
    "confused_with": {
      "mood_great": 1,
      "goodbye": 1
    }
  },
  "goodbye": {
    "precision": 0.5833333333333334,
    "recall": 0.7,
    "f1-score": 0.6363636363636365,
    "support": 10,
    "confused_with": {
      "mood_unhappy": 1,
      "greet": 1
    }
  },
  "open_trello": {
    "precision": 1.0,
    "recall": 1.0,
    "f1-score": 1.0,
    "support": 57,
    "confused_with": {}
  },
  "affirm": {
    "precision": 1.0,
    "recall": 0.16666666666666666,
    "f1-score": 0.2857142857142857,
    "support": 6,
    "confused_with": {
      "mood_great": 2,
      "goodbye": 2,
      "greet": 1
    }
  },
  "deny": {
    "precision": 0.8333333333333334,
    "recall": 0.7142857142857143,
    "f1-score": 0.7692307692307692,
    "support": 7,
    "confused_with": {
      "mood_unhappy": 1,
      "greet": 1
    }
  },
  "mood_unhappy": {
    "precision": 0.7058823529411765,
    "recall": 0.8571428571428571,
    "f1-score": 0.7741935483870968,
    "support": 14,
    "confused_with": {
      "goodbye": 2
    }
  },
  "mood_great": {
    "precision": 0.7692307692307693,
    "recall": 0.7142857142857143,
    "f1-score": 0.7407407407407408,
    "support": 14,
    "confused_with": {
      "mood_unhappy": 3,
      "greet": 1
    }
  },
  "accuracy": 0.8686131386861314,
  "macro avg": {
    "precision": 0.8472347913524384,
    "recall": 0.7776149776149777,
    "f1-score": 0.7768841406834238,
    "support": 137
  },
  "weighted avg": {
    "precision": 0.8821283482511478,
    "recall": 0.8686131386861314,
    "f1-score": 0.8604810454351307,
    "support": 137
  },
  "micro avg": {
    "precision": 0.8686131386861314,
    "recall": 0.8686131386861314,
    "f1-score": 0.8686131386861314,
    "support": 137
  }
}